material_key,source_product_name_zh,source_image_path,upload_filename,wordpress_attachment_id,wordpress_media_url,upload_status
linganshi-33ac1c7b8119,白阿塞,C:\Users\Dylan\Desktop\灵感石验室\白阿塞.webp,linganshi-33ac1c7b8119.webp,56407,https://goearthward.com/wp-content/uploads/2026/07/linganshi-33ac1c7b8119.webp,uploaded-t17-catalog-media
linganshi-3d10edc724a2,白水晶,C:\Users\Dylan\Desktop\灵感石验室\白水晶.webp,linganshi-3d10edc724a2.webp,56408,https://goearthward.com/wp-content/uploads/2026/07/linganshi-3d10edc724a2.webp,uploaded-t17-catalog-media
linganshi-6b11da7a669e,高品净体白水晶,C:\Users\Dylan\Desktop\灵感石验室\高品净体白水晶.webp,linganshi-6b11da7a669e.webp,56409,https://goearthward.com/wp-content/uploads/2026/07/linganshi-6b11da7a669e.webp,uploaded-t17-catalog-media
linganshi-2bca2ff59437,莫粉,C:\Users\Dylan\Desktop\灵感石验室\莫粉.webp,linganshi-2bca2ff59437.webp,56410,https://goearthward.com/wp-content/uploads/2026/07/linganshi-2bca2ff59437.webp,uploaded-t17-catalog-media
linganshi-5d69c232dcbf,西柚粉晶,C:\Users\Dylan\Desktop\灵感石验室\西柚粉晶.webp,linganshi-5d69c232dcbf.webp,56411,https://goearthward.com/wp-content/uploads/2026/07/linganshi-5d69c232dcbf.webp,uploaded-t17-catalog-media
linganshi-d60c97751c64,粉晶,C:\Users\Dylan\Desktop\灵感石验室\粉晶.webp,linganshi-d60c97751c64.webp,56412,https://goearthward.com/wp-content/uploads/2026/07/linganshi-d60c97751c64.webp,uploaded-t17-catalog-media
linganshi-7b9bd06010ac,紫马粉,C:\Users\Dylan\Desktop\灵感石验室\紫马粉.webp,linganshi-7b9bd06010ac.webp,56413,https://goearthward.com/wp-content/uploads/2026/07/linganshi-7b9bd06010ac.webp,uploaded-t17-catalog-media
linganshi-13f960b330f5,薰衣草,C:\Users\Dylan\Desktop\灵感石验室\薰衣草.webp,linganshi-13f960b330f5.webp,56414,https://goearthward.com/wp-content/uploads/2026/07/linganshi-13f960b330f5.webp,uploaded-t17-catalog-media
linganshi-81c2cbe83009,巴西紫水晶,C:\Users\Dylan\Desktop\灵感石验室\巴西紫水晶.webp,linganshi-81c2cbe83009.webp,56415,https://goearthward.com/wp-content/uploads/2026/07/linganshi-81c2cbe83009.webp,uploaded-t17-catalog-media
linganshi-053a92f6de8f,乌拉圭紫水晶,C:\Users\Dylan\Desktop\灵感石验室\乌拉圭紫水晶.webp,linganshi-053a92f6de8f.webp,56416,https://goearthward.com/wp-content/uploads/2026/07/linganshi-053a92f6de8f.webp,uploaded-t17-catalog-media
linganshi-ca2cfd2e6f27,玻利维亚紫水晶,C:\Users\Dylan\Desktop\灵感石验室\玻利维亚紫水晶.webp,linganshi-ca2cfd2e6f27.webp,56417,https://goearthward.com/wp-content/uploads/2026/07/linganshi-ca2cfd2e6f27.webp,uploaded-t17-catalog-media
linganshi-aa285ea80c7f,魔鬼蓝海蓝宝,C:\Users\Dylan\Desktop\灵感石验室\魔鬼蓝海蓝宝.webp,linganshi-aa285ea80c7f.webp,56418,https://goearthward.com/wp-content/uploads/2026/07/linganshi-aa285ea80c7f.webp,uploaded-t17-catalog-media
linganshi-312231b3d5a5,冰川蓝海蓝宝,C:\Users\Dylan\Desktop\灵感石验室\冰川蓝海蓝宝.webp,linganshi-312231b3d5a5.webp,56419,https://goearthward.com/wp-content/uploads/2026/07/linganshi-312231b3d5a5.webp,uploaded-t17-catalog-media
linganshi-632d699e492a,蓝天白云海蓝宝,C:\Users\Dylan\Desktop\灵感石验室\蓝天白云海蓝宝.webp,linganshi-632d699e492a.webp,56420,https://goearthward.com/wp-content/uploads/2026/07/linganshi-632d699e492a.webp,uploaded-t17-catalog-media
linganshi-d04e94b7d5f5,柠檬黄水晶,C:\Users\Dylan\Desktop\灵感石验室\柠檬黄水晶.webp,linganshi-d04e94b7d5f5.webp,56421,https://goearthward.com/wp-content/uploads/2026/07/linganshi-d04e94b7d5f5.webp,uploaded-t17-catalog-media
linganshi-9a8d4ff7c3d2,高透黄水晶,C:\Users\Dylan\Desktop\灵感石验室\高透黄水晶.webp,linganshi-9a8d4ff7c3d2.webp,56422,https://goearthward.com/wp-content/uploads/2026/07/linganshi-9a8d4ff7c3d2.webp,uploaded-t17-catalog-media
linganshi-a352628659bf,黄塔晶,C:\Users\Dylan\Desktop\灵感石验室\黄塔晶.webp,linganshi-a352628659bf.webp,56423,https://goearthward.com/wp-content/uploads/2026/07/linganshi-a352628659bf.webp,uploaded-t17-catalog-media
linganshi-9f19e5386cde,绿水晶,C:\Users\Dylan\Desktop\灵感石验室\绿水晶.webp,linganshi-9f19e5386cde.webp,56424,https://goearthward.com/wp-content/uploads/2026/07/linganshi-9f19e5386cde.webp,uploaded-t17-catalog-media
linganshi-383887f278c9,浅色透底黄胶花,C:\Users\Dylan\Desktop\灵感石验室\浅色透底黄胶花.webp,linganshi-383887f278c9.webp,56425,https://goearthward.com/wp-content/uploads/2026/07/linganshi-383887f278c9.webp,uploaded-t17-catalog-media
linganshi-46514011b53f,浅色透底红胶花,C:\Users\Dylan\Desktop\灵感石验室\浅色透底红胶花.webp,linganshi-46514011b53f.webp,56426,https://goearthward.com/wp-content/uploads/2026/07/linganshi-46514011b53f.webp,uploaded-t17-catalog-media
linganshi-c2dbf7f428a0,牛血红胶花,C:\Users\Dylan\Desktop\灵感石验室\牛血红胶花.webp,linganshi-c2dbf7f428a0.webp,56427,https://goearthward.com/wp-content/uploads/2026/07/linganshi-c2dbf7f428a0.webp,uploaded-t17-catalog-media
linganshi-e264538f0206,浅色红胶花,C:\Users\Dylan\Desktop\灵感石验室\浅色红胶花.webp,linganshi-e264538f0206.webp,56428,https://goearthward.com/wp-content/uploads/2026/07/linganshi-e264538f0206.webp,uploaded-t17-catalog-media
linganshi-80e7a588931e,黄胶花,C:\Users\Dylan\Desktop\灵感石验室\黄胶花.webp,linganshi-80e7a588931e.webp,56429,https://goearthward.com/wp-content/uploads/2026/07/linganshi-80e7a588931e.webp,uploaded-t17-catalog-media
linganshi-b50f8e037250,芬达色胶花,C:\Users\Dylan\Desktop\灵感石验室\芬达色胶花.webp,linganshi-b50f8e037250.webp,56430,https://goearthward.com/wp-content/uploads/2026/07/linganshi-b50f8e037250.webp,uploaded-t17-catalog-media
linganshi-a306a12d25fc,白幽灵,C:\Users\Dylan\Desktop\灵感石验室\白幽灵.webp,linganshi-a306a12d25fc.webp,56431,https://goearthward.com/wp-content/uploads/2026/07/linganshi-a306a12d25fc.webp,uploaded-t17-catalog-media
linganshi-c3623ee0ac9d,满天星绿幽灵,C:\Users\Dylan\Desktop\灵感石验室\满天星绿幽灵.webp,linganshi-c3623ee0ac9d.webp,56432,https://goearthward.com/wp-content/uploads/2026/07/linganshi-c3623ee0ac9d.webp,uploaded-t17-catalog-media
linganshi-9333e2f8ca95,千层彩幽灵,C:\Users\Dylan\Desktop\灵感石验室\千层彩幽灵.webp,linganshi-9333e2f8ca95.webp,56433,https://goearthward.com/wp-content/uploads/2026/07/linganshi-9333e2f8ca95.webp,uploaded-t17-catalog-media
linganshi-26658b32ce46,奶油体雪花幽灵,C:\Users\Dylan\Desktop\灵感石验室\奶油体雪花幽灵.webp,linganshi-26658b32ce46.webp,56434,https://goearthward.com/wp-content/uploads/2026/07/linganshi-26658b32ce46.webp,uploaded-t17-catalog-media
linganshi-d38805893220,半盆绿幽灵,C:\Users\Dylan\Desktop\灵感石验室\半盆绿幽灵.webp,linganshi-d38805893220.webp,56435,https://goearthward.com/wp-content/uploads/2026/07/linganshi-d38805893220.webp,uploaded-t17-catalog-media
linganshi-0097fe85f932,透体雪花幽灵,C:\Users\Dylan\Desktop\灵感石验室\透体雪花幽灵.webp,linganshi-0097fe85f932.webp,56436,https://goearthward.com/wp-content/uploads/2026/07/linganshi-0097fe85f932.webp,uploaded-t17-catalog-media
linganshi-0c53bd2309bc,千层绿幽灵,C:\Users\Dylan\Desktop\灵感石验室\千层绿幽灵.webp,linganshi-0c53bd2309bc.webp,56437,https://goearthward.com/wp-content/uploads/2026/07/linganshi-0c53bd2309bc.webp,uploaded-t17-catalog-media
linganshi-26dc9a768b5c,浅色草莓晶,C:\Users\Dylan\Desktop\灵感石验室\浅色草莓晶.webp,linganshi-26dc9a768b5c.webp,56438,https://goearthward.com/wp-content/uploads/2026/07/linganshi-26dc9a768b5c.webp,uploaded-t17-catalog-media
linganshi-bfd55acbc1b3,草莓晶,C:\Users\Dylan\Desktop\灵感石验室\草莓晶.webp,linganshi-bfd55acbc1b3.webp,56439,https://goearthward.com/wp-content/uploads/2026/07/linganshi-bfd55acbc1b3.webp,uploaded-t17-catalog-media
linganshi-ffe0832bbe84,蓝晶石,C:\Users\Dylan\Desktop\灵感石验室\蓝晶石.webp,linganshi-ffe0832bbe84.webp,56440,https://goearthward.com/wp-content/uploads/2026/07/linganshi-ffe0832bbe84.webp,uploaded-t17-catalog-media
linganshi-1c37899f90f5,深茶晶,C:\Users\Dylan\Desktop\灵感石验室\深茶晶.webp,linganshi-1c37899f90f5.webp,56441,https://goearthward.com/wp-content/uploads/2026/07/linganshi-1c37899f90f5.webp,uploaded-t17-catalog-media
linganshi-2eb69dcea947,浅茶晶,C:\Users\Dylan\Desktop\灵感石验室\浅茶晶.webp,linganshi-2eb69dcea947.webp,56442,https://goearthward.com/wp-content/uploads/2026/07/linganshi-2eb69dcea947.webp,uploaded-t17-catalog-media
linganshi-e4a2d947fca2,透体黑金超,C:\Users\Dylan\Desktop\灵感石验室\透体黑金超.webp,linganshi-e4a2d947fca2.webp,56443,https://goearthward.com/wp-content/uploads/2026/07/linganshi-e4a2d947fca2.webp,uploaded-t17-catalog-media
linganshi-c83a6c795be2,黑金超七色浓,C:\Users\Dylan\Desktop\灵感石验室\黑金超七色浓.webp,linganshi-c83a6c795be2.webp,56444,https://goearthward.com/wp-content/uploads/2026/07/linganshi-c83a6c795be2.webp,uploaded-t17-catalog-media
linganshi-3d22241241ee,满发黑金超七,C:\Users\Dylan\Desktop\灵感石验室\满发黑金超七.webp,linganshi-3d22241241ee.webp,56445,https://goearthward.com/wp-content/uploads/2026/07/linganshi-3d22241241ee.webp,uploaded-t17-catalog-media
linganshi-34648b506b08,高品金发晶,C:\Users\Dylan\Desktop\灵感石验室\高品金发晶.webp,linganshi-34648b506b08.webp,56446,https://goearthward.com/wp-content/uploads/2026/07/linganshi-34648b506b08.webp,uploaded-t17-catalog-media
linganshi-f2b785a652e1,黑发晶浅色,C:\Users\Dylan\Desktop\灵感石验室\黑发晶浅色.webp,linganshi-f2b785a652e1.webp,56447,https://goearthward.com/wp-content/uploads/2026/07/linganshi-f2b785a652e1.webp,uploaded-t17-catalog-media
linganshi-02bb151b0e4d,透体黑发晶,C:\Users\Dylan\Desktop\灵感石验室\透体黑发晶.webp,linganshi-02bb151b0e4d.webp,56448,https://goearthward.com/wp-content/uploads/2026/07/linganshi-02bb151b0e4d.webp,uploaded-t17-catalog-media
linganshi-35ca7ee59e2f,金发晶,C:\Users\Dylan\Desktop\灵感石验室\金发晶.webp,linganshi-35ca7ee59e2f.webp,56449,https://goearthward.com/wp-content/uploads/2026/07/linganshi-35ca7ee59e2f.webp,uploaded-t17-catalog-media
linganshi-56c326748431,满发绿发晶,C:\Users\Dylan\Desktop\灵感石验室\满发绿发晶.webp,linganshi-56c326748431.webp,56450,https://goearthward.com/wp-content/uploads/2026/07/linganshi-56c326748431.webp,uploaded-t17-catalog-media
linganshi-ca0636ed57c0,黑发晶深色,C:\Users\Dylan\Desktop\灵感石验室\黑发晶深色.webp,linganshi-ca0636ed57c0.webp,56451,https://goearthward.com/wp-content/uploads/2026/07/linganshi-ca0636ed57c0.webp,uploaded-t17-catalog-media
linganshi-0a041b98383c,浅色绿发晶,C:\Users\Dylan\Desktop\灵感石验室\浅色绿发晶.webp,linganshi-0a041b98383c.webp,56452,https://goearthward.com/wp-content/uploads/2026/07/linganshi-0a041b98383c.webp,uploaded-t17-catalog-media
linganshi-a9194943876d,闪灵,C:\Users\Dylan\Desktop\灵感石验室\闪灵.webp,linganshi-a9194943876d.webp,56453,https://goearthward.com/wp-content/uploads/2026/07/linganshi-a9194943876d.webp,uploaded-t17-catalog-media
linganshi-febef06a434f,岫玉,C:\Users\Dylan\Desktop\灵感石验室\岫玉.webp,linganshi-febef06a434f.webp,56454,https://goearthward.com/wp-content/uploads/2026/07/linganshi-febef06a434f.webp,uploaded-t17-catalog-media
linganshi-4e2626312e6c,青提奶盖,C:\Users\Dylan\Desktop\灵感石验室\青提奶盖.webp,linganshi-4e2626312e6c.webp,56455,https://goearthward.com/wp-content/uploads/2026/07/linganshi-4e2626312e6c.webp,uploaded-t17-catalog-media
linganshi-531963308ec0,紫锂辉,C:\Users\Dylan\Desktop\灵感石验室\紫锂辉.webp,linganshi-531963308ec0.webp,56456,https://goearthward.com/wp-content/uploads/2026/07/linganshi-531963308ec0.webp,uploaded-t17-catalog-media
linganshi-aacec3d67adf,蓝虎眼,C:\Users\Dylan\Desktop\灵感石验室\蓝虎眼.webp,linganshi-aacec3d67adf.webp,56676,https://goearthward.com/wp-content/uploads/2026/07/linganshi-aacec3d67adf.webp,uploaded-t17-catalog-media
linganshi-b7faca875393,黄虎眼,C:\Users\Dylan\Desktop\灵感石验室\黄虎眼.webp,linganshi-b7faca875393.webp,56457,https://goearthward.com/wp-content/uploads/2026/07/linganshi-b7faca875393.webp,uploaded-t17-catalog-media
linganshi-d33d88d570f5,黄萤石,C:\Users\Dylan\Desktop\灵感石验室\黄萤石.webp,linganshi-d33d88d570f5.webp,56458,https://goearthward.com/wp-content/uploads/2026/07/linganshi-d33d88d570f5.webp,uploaded-t17-catalog-media
linganshi-83288d92b0c3,太阳石,C:\Users\Dylan\Desktop\灵感石验室\太阳石.webp,linganshi-83288d92b0c3.webp,56459,https://goearthward.com/wp-content/uploads/2026/07/linganshi-83288d92b0c3.webp,uploaded-t17-catalog-media
linganshi-ae13e4de6b10,月光石,C:\Users\Dylan\Desktop\灵感石验室\月光石.webp,linganshi-ae13e4de6b10.webp,56460,https://goearthward.com/wp-content/uploads/2026/07/linganshi-ae13e4de6b10.webp,uploaded-t17-catalog-media
linganshi-896823121986,金太阳,C:\Users\Dylan\Desktop\灵感石验室\金太阳.webp,linganshi-896823121986.webp,56461,https://goearthward.com/wp-content/uploads/2026/07/linganshi-896823121986.webp,uploaded-t17-catalog-media
linganshi-7a746e73a783,透体灰月光,C:\Users\Dylan\Desktop\灵感石验室\透体灰月光.webp,linganshi-7a746e73a783.webp,56462,https://goearthward.com/wp-content/uploads/2026/07/linganshi-7a746e73a783.webp,uploaded-t17-catalog-media
linganshi-bad5e3f91f82,双眼金曜石,C:\Users\Dylan\Desktop\灵感石验室\双眼金曜石.webp,linganshi-bad5e3f91f82.webp,56463,https://goearthward.com/wp-content/uploads/2026/07/linganshi-bad5e3f91f82.webp,uploaded-t17-catalog-media
linganshi-b0c7e55c0bad,双眼银曜石,C:\Users\Dylan\Desktop\灵感石验室\双眼银曜石.webp,linganshi-b0c7e55c0bad.webp,56464,https://goearthward.com/wp-content/uploads/2026/07/linganshi-b0c7e55c0bad.webp,uploaded-t17-catalog-media
linganshi-1dfab1b15c90,高透冰耀石,C:\Users\Dylan\Desktop\灵感石验室\高透冰曜石.webp,linganshi-1dfab1b15c90.webp,56669,https://goearthward.com/wp-content/uploads/2026/07/linganshi-1dfab1b15c90.webp,uploaded-t17-catalog-media
linganshi-308eb17b6dc4,天河石,C:\Users\Dylan\Desktop\灵感石验室\天河石.webp,linganshi-308eb17b6dc4.webp,56465,https://goearthward.com/wp-content/uploads/2026/07/linganshi-308eb17b6dc4.webp,uploaded-t17-catalog-media
linganshi-2a4f027040ec,南红玛瑙,C:\Users\Dylan\Desktop\灵感石验室\南红玛瑙.webp,linganshi-2a4f027040ec.webp,56466,https://goearthward.com/wp-content/uploads/2026/07/linganshi-2a4f027040ec.webp,uploaded-t17-catalog-media
linganshi-8fff1154d11c,绿龙晶,C:\Users\Dylan\Desktop\灵感石验室\绿龙晶.webp,linganshi-8fff1154d11c.webp,56467,https://goearthward.com/wp-content/uploads/2026/07/linganshi-8fff1154d11c.webp,uploaded-t17-catalog-media
linganshi-f8f86597c85c,紫云母,C:\Users\Dylan\Desktop\灵感石验室\紫云母.webp,linganshi-f8f86597c85c.webp,56468,https://goearthward.com/wp-content/uploads/2026/07/linganshi-f8f86597c85c.webp,uploaded-t17-catalog-media
linganshi-fefc0a4edfbc,绿英石,C:\Users\Dylan\Desktop\灵感石验室\绿英石.webp,linganshi-fefc0a4edfbc.webp,56469,https://goearthward.com/wp-content/uploads/2026/07/linganshi-fefc0a4edfbc.webp,uploaded-t17-catalog-media
linganshi-7f1e66157d42,朱砂,C:\Users\Dylan\Desktop\灵感石验室\朱砂.webp,linganshi-7f1e66157d42.webp,56470,https://goearthward.com/wp-content/uploads/2026/07/linganshi-7f1e66157d42.webp,uploaded-t17-catalog-media
linganshi-aa4ea15d8063,葡萄石,C:\Users\Dylan\Desktop\灵感石验室\葡萄石.webp,linganshi-aa4ea15d8063.webp,56471,https://goearthward.com/wp-content/uploads/2026/07/linganshi-aa4ea15d8063.webp,uploaded-t17-catalog-media
linganshi-8e5eaf3a1f3e,千伞流苏吊坠,C:\Users\Dylan\Desktop\灵感石验室\千伞流苏吊坠.webp,linganshi-8e5eaf3a1f3e.webp,56472,https://goearthward.com/wp-content/uploads/2026/07/linganshi-8e5eaf3a1f3e.webp,uploaded-t17-catalog-media
linganshi-17eb845ffe7c,锆石蝴蝶吊坠银,C:\Users\Dylan\Desktop\灵感石验室\锆石蝴蝶吊坠银.webp,linganshi-17eb845ffe7c.webp,56473,https://goearthward.com/wp-content/uploads/2026/07/linganshi-17eb845ffe7c.webp,uploaded-t17-catalog-media
linganshi-f6c328ba4d6a,锆石蝴蝶吊坠金,C:\Users\Dylan\Desktop\灵感石验室\锆石蝴蝶吊坠金.webp,linganshi-f6c328ba4d6a.webp,56474,https://goearthward.com/wp-content/uploads/2026/07/linganshi-f6c328ba4d6a.webp,uploaded-t17-catalog-media
linganshi-c51c34d1b9a6,金色锥形吊坠,C:\Users\Dylan\Desktop\灵感石验室\金色锥形吊坠.webp,linganshi-c51c34d1b9a6.webp,56475,https://goearthward.com/wp-content/uploads/2026/07/linganshi-c51c34d1b9a6.webp,uploaded-t17-catalog-media
linganshi-576a235a317a,银色锥形吊坠,C:\Users\Dylan\Desktop\灵感石验室\银色锥形吊坠.webp,linganshi-576a235a317a.webp,56476,https://goearthward.com/wp-content/uploads/2026/07/linganshi-576a235a317a.webp,uploaded-t17-catalog-media
linganshi-627d4ada88b2,半蝴蝶银,C:\Users\Dylan\Desktop\灵感石验室\半蝴蝶银.webp,linganshi-627d4ada88b2.webp,56477,https://goearthward.com/wp-content/uploads/2026/07/linganshi-627d4ada88b2.webp,uploaded-t17-catalog-media
linganshi-a77045ea9e51,半蝴蝶金,C:\Users\Dylan\Desktop\灵感石验室\半蝴蝶金.webp,linganshi-a77045ea9e51.webp,56478,https://goearthward.com/wp-content/uploads/2026/07/linganshi-a77045ea9e51.webp,uploaded-t17-catalog-media
linganshi-392bd02de388,镂空叶子吊坠,C:\Users\Dylan\Desktop\灵感石验室\镂空叶子吊坠.webp,linganshi-392bd02de388.webp,56479,https://goearthward.com/wp-content/uploads/2026/07/linganshi-392bd02de388.webp,uploaded-t17-catalog-media
linganshi-3045dc502e71,岁岁平安,C:\Users\Dylan\Desktop\灵感石验室\岁岁平安.webp,linganshi-3045dc502e71.webp,56480,https://goearthward.com/wp-content/uploads/2026/07/linganshi-3045dc502e71.webp,uploaded-t17-catalog-media
linganshi-a64387696c13,小金条吊坠,C:\Users\Dylan\Desktop\灵感石验室\小金条吊坠.webp,linganshi-a64387696c13.webp,56481,https://goearthward.com/wp-content/uploads/2026/07/linganshi-a64387696c13.webp,uploaded-t17-catalog-media
linganshi-55df064bffc6,小金砖吊坠,C:\Users\Dylan\Desktop\灵感石验室\小金砖吊坠.webp,linganshi-55df064bffc6.webp,56482,https://goearthward.com/wp-content/uploads/2026/07/linganshi-55df064bffc6.webp,uploaded-t17-catalog-media
linganshi-5a19489502c2,金色随型吊坠,C:\Users\Dylan\Desktop\灵感石验室\金色随型吊坠.webp,linganshi-5a19489502c2.webp,56483,https://goearthward.com/wp-content/uploads/2026/07/linganshi-5a19489502c2.webp,uploaded-t17-catalog-media
linganshi-d46657f2b0b9,银色随型吊坠,C:\Users\Dylan\Desktop\灵感石验室\银色随型吊坠.webp,linganshi-d46657f2b0b9.webp,56484,https://goearthward.com/wp-content/uploads/2026/07/linganshi-d46657f2b0b9.webp,uploaded-t17-catalog-media
linganshi-cc46fafe0fdc,花型吊坠,C:\Users\Dylan\Desktop\灵感石验室\花型吊坠.webp,linganshi-cc46fafe0fdc.webp,56485,https://goearthward.com/wp-content/uploads/2026/07/linganshi-cc46fafe0fdc.webp,uploaded-t17-catalog-media
linganshi-382169675862,多叶吊坠,C:\Users\Dylan\Desktop\灵感石验室\多叶吊坠.webp,linganshi-382169675862.webp,56486,https://goearthward.com/wp-content/uploads/2026/07/linganshi-382169675862.webp,uploaded-t17-catalog-media
linganshi-2ab73247dd54,繁花吊坠,C:\Users\Dylan\Desktop\灵感石验室\繁花吊坠.webp,linganshi-2ab73247dd54.webp,56686,https://goearthward.com/wp-content/uploads/2026/07/linganshi-2ab73247dd54.webp,uploaded-t17-catalog-media
linganshi-522fd3caefa6,古荷吊坠,C:\Users\Dylan\Desktop\灵感石验室\古荷吊坠.webp,linganshi-522fd3caefa6.webp,56487,https://goearthward.com/wp-content/uploads/2026/07/linganshi-522fd3caefa6.webp,uploaded-t17-catalog-media
linganshi-285cca40d59c,蝴蝶珍珠,C:\Users\Dylan\Desktop\灵感石验室\蝴蝶珍珠.webp,linganshi-285cca40d59c.webp,56488,https://goearthward.com/wp-content/uploads/2026/07/linganshi-285cca40d59c.webp,uploaded-t17-catalog-media
linganshi-1044437c1668,金色小方块,C:\Users\Dylan\Desktop\灵感石验室\金色小方块.webp,linganshi-1044437c1668.webp,56489,https://goearthward.com/wp-content/uploads/2026/07/linganshi-1044437c1668.webp,uploaded-t17-catalog-media
linganshi-362e2aaa6a9e,银色小方块,C:\Users\Dylan\Desktop\灵感石验室\银色小方块.webp,linganshi-362e2aaa6a9e.webp,56490,https://goearthward.com/wp-content/uploads/2026/07/linganshi-362e2aaa6a9e.webp,uploaded-t17-catalog-media
linganshi-b3b66eb20372,沉香方珠,C:\Users\Dylan\Desktop\灵感石验室\沉香方珠.webp,linganshi-b3b66eb20372.webp,56491,https://goearthward.com/wp-content/uploads/2026/07/linganshi-b3b66eb20372.webp,uploaded-t17-catalog-media
linganshi-8934192a86ee,棱形锆石隔环金,C:\Users\Dylan\Desktop\灵感石验室\棱形锆石隔环金.webp,linganshi-8934192a86ee.webp,56492,https://goearthward.com/wp-content/uploads/2026/07/linganshi-8934192a86ee.webp,uploaded-t17-catalog-media
linganshi-ac2ab6b5a135,棱形锆石隔环银,C:\Users\Dylan\Desktop\灵感石验室\棱形锆石隔环银.webp,linganshi-ac2ab6b5a135.webp,56493,https://goearthward.com/wp-content/uploads/2026/07/linganshi-ac2ab6b5a135.webp,uploaded-t17-catalog-media
linganshi-082e640c8292,锆石长隔环银,C:\Users\Dylan\Desktop\灵感石验室\锆石长隔环银.webp,linganshi-082e640c8292.webp,56494,https://goearthward.com/wp-content/uploads/2026/07/linganshi-082e640c8292.webp,uploaded-t17-catalog-media
linganshi-23da353b5360,锆石长隔环金,C:\Users\Dylan\Desktop\灵感石验室\锆石长隔环金.webp,linganshi-23da353b5360.webp,56495,https://goearthward.com/wp-content/uploads/2026/07/linganshi-23da353b5360.webp,uploaded-t17-catalog-media
linganshi-c6e86a8b997f,锆石隔环金,C:\Users\Dylan\Desktop\灵感石验室\锆石隔环金.webp,linganshi-c6e86a8b997f.webp,56496,https://goearthward.com/wp-content/uploads/2026/07/linganshi-c6e86a8b997f.webp,uploaded-t17-catalog-media
linganshi-8c0d4f314534,锆石隔环银,C:\Users\Dylan\Desktop\灵感石验室\锆石隔环银.webp,linganshi-8c0d4f314534.webp,56497,https://goearthward.com/wp-content/uploads/2026/07/linganshi-8c0d4f314534.webp,uploaded-t17-catalog-media
linganshi-cb9e890f26a5,锆石隔环,C:\Users\Dylan\Desktop\灵感石验室\锆石隔环.webp,linganshi-cb9e890f26a5.webp,56498,https://goearthward.com/wp-content/uploads/2026/07/linganshi-cb9e890f26a5.webp,uploaded-t17-catalog-media
linganshi-3e5701300c13,深紫锆石小隔片,C:\Users\Dylan\Desktop\灵感石验室\深紫锆石小隔片.webp,linganshi-3e5701300c13.webp,56499,https://goearthward.com/wp-content/uploads/2026/07/linganshi-3e5701300c13.webp,uploaded-t17-catalog-media
linganshi-5e0fe6253f83,四方隔珠金,C:\Users\Dylan\Desktop\灵感石验室\四方隔珠金.webp,linganshi-5e0fe6253f83.webp,56500,https://goearthward.com/wp-content/uploads/2026/07/linganshi-5e0fe6253f83.webp,uploaded-t17-catalog-media
linganshi-a6b0a66ed039,四方隔珠银,C:\Users\Dylan\Desktop\灵感石验室\四方隔珠银.webp,linganshi-a6b0a66ed039.webp,56501,https://goearthward.com/wp-content/uploads/2026/07/linganshi-a6b0a66ed039.webp,uploaded-t17-catalog-media
linganshi-045e5e38d250,藏银多面隔珠,C:\Users\Dylan\Desktop\灵感石验室\藏银多面隔珠.webp,linganshi-045e5e38d250.webp,56502,https://goearthward.com/wp-content/uploads/2026/07/linganshi-045e5e38d250.webp,uploaded-t17-catalog-media
linganshi-3410889943dd,银色随型隔片,C:\Users\Dylan\Desktop\灵感石验室\银色随型隔片.webp,linganshi-3410889943dd.webp,56503,https://goearthward.com/wp-content/uploads/2026/07/linganshi-3410889943dd.webp,uploaded-t17-catalog-media
linganshi-06ca35890dd8,藏银双花,C:\Users\Dylan\Desktop\灵感石验室\藏银双花.webp,linganshi-06ca35890dd8.webp,56504,https://goearthward.com/wp-content/uploads/2026/07/linganshi-06ca35890dd8.webp,uploaded-t17-catalog-media
linganshi-8aca9b0b6ae2,银色弧形隔片,C:\Users\Dylan\Desktop\灵感石验室\银色弧形隔片.webp,linganshi-8aca9b0b6ae2.webp,56505,https://goearthward.com/wp-content/uploads/2026/07/linganshi-8aca9b0b6ae2.webp,uploaded-t17-catalog-media
linganshi-80e949a343a5,金色弧形隔片,C:\Users\Dylan\Desktop\灵感石验室\金色弧形隔片.webp,linganshi-80e949a343a5.webp,56506,https://goearthward.com/wp-content/uploads/2026/07/linganshi-80e949a343a5.webp,uploaded-t17-catalog-media
linganshi-ef07404d9a2e,金色猫猫,C:\Users\Dylan\Desktop\灵感石验室\金色猫猫.webp,linganshi-ef07404d9a2e.webp,56507,https://goearthward.com/wp-content/uploads/2026/07/linganshi-ef07404d9a2e.webp,uploaded-t17-catalog-media
linganshi-e468bfde9577,金色花饰,C:\Users\Dylan\Desktop\灵感石验室\金色花饰.webp,linganshi-e468bfde9577.webp,56508,https://goearthward.com/wp-content/uploads/2026/07/linganshi-e468bfde9577.webp,uploaded-t17-catalog-media
linganshi-15b0d8fccb5c,镂空金丝球,C:\Users\Dylan\Desktop\灵感石验室\镂空金丝球.webp,linganshi-15b0d8fccb5c.webp,56509,https://goearthward.com/wp-content/uploads/2026/07/linganshi-15b0d8fccb5c.webp,uploaded-t17-catalog-media
linganshi-0f4a9a654398,镂空银丝球,C:\Users\Dylan\Desktop\灵感石验室\镂空银丝球.webp,linganshi-0f4a9a654398.webp,56510,https://goearthward.com/wp-content/uploads/2026/07/linganshi-0f4a9a654398.webp,uploaded-t17-catalog-media
linganshi-8f85859e720c,小隔珠金,C:\Users\Dylan\Desktop\灵感石验室\小隔珠金.webp,linganshi-8f85859e720c.webp,56511,https://goearthward.com/wp-content/uploads/2026/07/linganshi-8f85859e720c.webp,uploaded-t17-catalog-media
linganshi-775f0862787e,小隔珠银,C:\Users\Dylan\Desktop\灵感石验室\小隔珠银.webp,linganshi-775f0862787e.webp,56512,https://goearthward.com/wp-content/uploads/2026/07/linganshi-775f0862787e.webp,uploaded-t17-catalog-media
linganshi-65b6ba9e3f7c,隔珠金,C:\Users\Dylan\Desktop\灵感石验室\隔珠金.webp,linganshi-65b6ba9e3f7c.webp,56513,https://goearthward.com/wp-content/uploads/2026/07/linganshi-65b6ba9e3f7c.webp,uploaded-t17-catalog-media
linganshi-6bb35fb1f2bb,隔珠银,C:\Users\Dylan\Desktop\灵感石验室\隔珠银.webp,linganshi-6bb35fb1f2bb.webp,56514,https://goearthward.com/wp-content/uploads/2026/07/linganshi-6bb35fb1f2bb.webp,uploaded-t17-catalog-media
linganshi-7ba451a13fc8,爱心隔环金,C:\Users\Dylan\Desktop\灵感石验室\爱心隔环金.webp,linganshi-7ba451a13fc8.webp,56515,https://goearthward.com/wp-content/uploads/2026/07/linganshi-7ba451a13fc8.webp,uploaded-t17-catalog-media
linganshi-5451c6859cfb,爱心隔环银,C:\Users\Dylan\Desktop\灵感石验室\爱心隔环银.webp,linganshi-5451c6859cfb.webp,56516,https://goearthward.com/wp-content/uploads/2026/07/linganshi-5451c6859cfb.webp,uploaded-t17-catalog-media
linganshi-84741e7ed0d3,长锆石隔环银,C:\Users\Dylan\Desktop\灵感石验室\长锆石隔环银.webp,linganshi-84741e7ed0d3.webp,56517,https://goearthward.com/wp-content/uploads/2026/07/linganshi-84741e7ed0d3.webp,uploaded-t17-catalog-media
linganshi-551fde91cbd3,花朵长隔环金,C:\Users\Dylan\Desktop\灵感石验室\花朵长隔环金.webp,linganshi-551fde91cbd3.webp,56518,https://goearthward.com/wp-content/uploads/2026/07/linganshi-551fde91cbd3.webp,uploaded-t17-catalog-media
linganshi-66adb07cee03,花朵长隔环银,C:\Users\Dylan\Desktop\灵感石验室\花朵长隔环银.webp,linganshi-66adb07cee03.webp,56519,https://goearthward.com/wp-content/uploads/2026/07/linganshi-66adb07cee03.webp,uploaded-t17-catalog-media
linganshi-38577369fe90,镂空隔环金,C:\Users\Dylan\Desktop\灵感石验室\镂空隔环金.webp,linganshi-38577369fe90.webp,56520,https://goearthward.com/wp-content/uploads/2026/07/linganshi-38577369fe90.webp,uploaded-t17-catalog-media
linganshi-e434ac5d14b3,镂空隔环银,C:\Users\Dylan\Desktop\灵感石验室\镂空隔环银.webp,linganshi-e434ac5d14b3.webp,56521,https://goearthward.com/wp-content/uploads/2026/07/linganshi-e434ac5d14b3.webp,uploaded-t17-catalog-media
linganshi-652cd9ec1839,细镂空隔环金,C:\Users\Dylan\Desktop\灵感石验室\细镂空隔环金.webp,linganshi-652cd9ec1839.webp,56522,https://goearthward.com/wp-content/uploads/2026/07/linganshi-652cd9ec1839.webp,uploaded-t17-catalog-media
linganshi-e532ba59e93e,细镂空隔环银,C:\Users\Dylan\Desktop\灵感石验室\细镂空隔环银.webp,linganshi-e532ba59e93e.webp,56523,https://goearthward.com/wp-content/uploads/2026/07/linganshi-e532ba59e93e.webp,uploaded-t17-catalog-media
linganshi-dd7e32d07e05,镂空隔珠金,C:\Users\Dylan\Desktop\灵感石验室\镂空隔珠金.webp,linganshi-dd7e32d07e05.webp,56524,https://goearthward.com/wp-content/uploads/2026/07/linganshi-dd7e32d07e05.webp,uploaded-t17-catalog-media
linganshi-1027ebb7c93e,镂空隔珠银,C:\Users\Dylan\Desktop\灵感石验室\镂空隔珠银.webp,linganshi-1027ebb7c93e.webp,56525,https://goearthward.com/wp-content/uploads/2026/07/linganshi-1027ebb7c93e.webp,uploaded-t17-catalog-media
linganshi-8db684233f88,镂空隔环戒银,C:\Users\Dylan\Desktop\灵感石验室\镂空隔环戒银.webp,linganshi-8db684233f88.webp,56526,https://goearthward.com/wp-content/uploads/2026/07/linganshi-8db684233f88.webp,uploaded-t17-catalog-media
linganshi-23996a8f50f5,四环绕戒隔环金,C:\Users\Dylan\Desktop\灵感石验室\四环绕戒隔环金.webp,linganshi-23996a8f50f5.webp,56527,https://goearthward.com/wp-content/uploads/2026/07/linganshi-23996a8f50f5.webp,uploaded-t17-catalog-media
linganshi-274ca1f3954c,四环绕戒隔环银,C:\Users\Dylan\Desktop\灵感石验室\四环绕戒隔环银.webp,linganshi-274ca1f3954c.webp,56528,https://goearthward.com/wp-content/uploads/2026/07/linganshi-274ca1f3954c.webp,uploaded-t17-catalog-media
linganshi-ff00c8c86629,四环绕隔环金,C:\Users\Dylan\Desktop\灵感石验室\四环绕隔环金.webp,linganshi-ff00c8c86629.webp,56529,https://goearthward.com/wp-content/uploads/2026/07/linganshi-ff00c8c86629.webp,uploaded-t17-catalog-media
linganshi-a9e450e56287,四环绕隔环银,C:\Users\Dylan\Desktop\灵感石验室\四环绕隔环银.webp,linganshi-a9e450e56287.webp,56530,https://goearthward.com/wp-content/uploads/2026/07/linganshi-a9e450e56287.webp,uploaded-t17-catalog-media
linganshi-9749f09f983d,单排珍珠隔环金,C:\Users\Dylan\Desktop\灵感石验室\单排珍珠隔环金.webp,linganshi-9749f09f983d.webp,56531,https://goearthward.com/wp-content/uploads/2026/07/linganshi-9749f09f983d.webp,uploaded-t17-catalog-media
linganshi-95b0e44ec58f,单排珍珠隔环银,C:\Users\Dylan\Desktop\灵感石验室\单排珍珠隔环银.webp,linganshi-95b0e44ec58f.webp,56687,https://goearthward.com/wp-content/uploads/2026/07/linganshi-95b0e44ec58f.webp,uploaded-t17-catalog-media
linganshi-40135744175b,双排珍珠隔环,C:\Users\Dylan\Desktop\灵感石验室\双排珍珠隔环.webp,linganshi-40135744175b.webp,56532,https://goearthward.com/wp-content/uploads/2026/07/linganshi-40135744175b.webp,uploaded-t17-catalog-media
linganshi-c57cb4d783fd,花嵌隔环银,C:\Users\Dylan\Desktop\灵感石验室\花嵌隔环银.webp,linganshi-c57cb4d783fd.webp,56533,https://goearthward.com/wp-content/uploads/2026/07/linganshi-c57cb4d783fd.webp,uploaded-t17-catalog-media
linganshi-145c01599bbf,花嵌隔环金,C:\Users\Dylan\Desktop\灵感石验室\花嵌隔环金.webp,linganshi-145c01599bbf.webp,56534,https://goearthward.com/wp-content/uploads/2026/07/linganshi-145c01599bbf.webp,uploaded-t17-catalog-media
linganshi-26293991f449,五叶绕戒,C:\Users\Dylan\Desktop\灵感石验室\五叶绕戒.webp,linganshi-26293991f449.webp,56535,https://goearthward.com/wp-content/uploads/2026/07/linganshi-26293991f449.webp,uploaded-t17-catalog-media
linganshi-bcde88687668,荆棘隔环金,C:\Users\Dylan\Desktop\灵感石验室\荆棘隔环金.webp,linganshi-bcde88687668.webp,56536,https://goearthward.com/wp-content/uploads/2026/07/linganshi-bcde88687668.webp,uploaded-t17-catalog-media
linganshi-cc32a71851fb,荆棘隔环银,C:\Users\Dylan\Desktop\灵感石验室\荆棘隔环银.webp,linganshi-cc32a71851fb.webp,56537,https://goearthward.com/wp-content/uploads/2026/07/linganshi-cc32a71851fb.webp,uploaded-t17-catalog-media
linganshi-bddac8664eb3,金棱隔环,C:\Users\Dylan\Desktop\灵感石验室\金棱隔环.webp,linganshi-bddac8664eb3.webp,56538,https://goearthward.com/wp-content/uploads/2026/07/linganshi-bddac8664eb3.webp,uploaded-t17-catalog-media
linganshi-cd1d7bf0a229,双戒环绕金,C:\Users\Dylan\Desktop\灵感石验室\双戒环绕金.webp,linganshi-cd1d7bf0a229.webp,56539,https://goearthward.com/wp-content/uploads/2026/07/linganshi-cd1d7bf0a229.webp,uploaded-t17-catalog-media
linganshi-b8af7520d7e1,双戒环绕银,C:\Users\Dylan\Desktop\灵感石验室\双戒环绕银.webp,linganshi-b8af7520d7e1.webp,56540,https://goearthward.com/wp-content/uploads/2026/07/linganshi-b8af7520d7e1.webp,uploaded-t17-catalog-media
linganshi-872026bf8b4f,水棱隔珠,C:\Users\Dylan\Desktop\灵感石验室\水棱隔珠.webp,linganshi-872026bf8b4f.webp,56541,https://goearthward.com/wp-content/uploads/2026/07/linganshi-872026bf8b4f.webp,uploaded-t17-catalog-media
linganshi-8250e06aa9d7,锆石蝴蝶金,C:\Users\Dylan\Desktop\灵感石验室\锆石蝴蝶金.webp,linganshi-8250e06aa9d7.webp,56542,https://goearthward.com/wp-content/uploads/2026/07/linganshi-8250e06aa9d7.webp,uploaded-t17-catalog-media
linganshi-31f691ae7cd9,锆石蝴蝶银,C:\Users\Dylan\Desktop\灵感石验室\锆石蝴蝶银.webp,linganshi-31f691ae7cd9.webp,56543,https://goearthward.com/wp-content/uploads/2026/07/linganshi-31f691ae7cd9.webp,uploaded-t17-catalog-media
linganshi-00febbc2a68a,古银花托,C:\Users\Dylan\Desktop\灵感石验室\古银花托.webp,linganshi-00febbc2a68a.webp,56544,https://goearthward.com/wp-content/uploads/2026/07/linganshi-00febbc2a68a.webp,uploaded-t17-catalog-media
linganshi-a1abaa4735c1,藏银隔珠,C:\Users\Dylan\Desktop\灵感石验室\藏银隔珠.webp,linganshi-a1abaa4735c1.webp,56545,https://goearthward.com/wp-content/uploads/2026/07/linganshi-a1abaa4735c1.webp,uploaded-t17-catalog-media
linganshi-538bd59b6e5c,蝴蝶配饰金,C:\Users\Dylan\Desktop\灵感石验室\蝴蝶配饰金.webp,linganshi-538bd59b6e5c.webp,56546,https://goearthward.com/wp-content/uploads/2026/07/linganshi-538bd59b6e5c.webp,uploaded-t17-catalog-media
linganshi-71975c2e906d,月蝶锆石隔珠,C:\Users\Dylan\Desktop\灵感石验室\月蝶锆石隔珠.webp,linganshi-71975c2e906d.webp,56547,https://goearthward.com/wp-content/uploads/2026/07/linganshi-71975c2e906d.webp,uploaded-t17-catalog-media
linganshi-3fab0fcfd39a,古银隔片,C:\Users\Dylan\Desktop\灵感石验室\古银隔片.webp,linganshi-3fab0fcfd39a.webp,56548,https://goearthward.com/wp-content/uploads/2026/07/linganshi-3fab0fcfd39a.webp,uploaded-t17-catalog-media
linganshi-766bb847bde2,水滴锆石金,C:\Users\Dylan\Desktop\灵感石验室\水滴锆石金.webp,linganshi-766bb847bde2.webp,56549,https://goearthward.com/wp-content/uploads/2026/07/linganshi-766bb847bde2.webp,uploaded-t17-catalog-media
linganshi-5bac338ba2ae,双花隔环金,C:\Users\Dylan\Desktop\灵感石验室\双花隔环金.webp,linganshi-5bac338ba2ae.webp,56550,https://goearthward.com/wp-content/uploads/2026/07/linganshi-5bac338ba2ae.webp,uploaded-t17-catalog-media
linganshi-82d93ce1e54d,银色隔片,C:\Users\Dylan\Desktop\灵感石验室\银色隔片.webp,linganshi-82d93ce1e54d.webp,56551,https://goearthward.com/wp-content/uploads/2026/07/linganshi-82d93ce1e54d.webp,uploaded-t17-catalog-media
linganshi-7fe630d3fb9e,金色隔片,C:\Users\Dylan\Desktop\灵感石验室\金色隔片.webp,linganshi-7fe630d3fb9e.webp,56552,https://goearthward.com/wp-content/uploads/2026/07/linganshi-7fe630d3fb9e.webp,uploaded-t17-catalog-media
linganshi-16bcf75172f4,金色厚隔片,C:\Users\Dylan\Desktop\灵感石验室\金色厚隔片.webp,linganshi-16bcf75172f4.webp,56553,https://goearthward.com/wp-content/uploads/2026/07/linganshi-16bcf75172f4.webp,uploaded-t17-catalog-media
linganshi-13f30ac858fb,通用小隔珠金,C:\Users\Dylan\Desktop\灵感石验室\通用小隔珠金.webp,linganshi-13f30ac858fb.webp,56554,https://goearthward.com/wp-content/uploads/2026/07/linganshi-13f30ac858fb.webp,uploaded-t17-catalog-media
linganshi-af9d75b78a85,通用小隔珠银,C:\Users\Dylan\Desktop\灵感石验室\通用小隔珠银.webp,linganshi-af9d75b78a85.webp,56555,https://goearthward.com/wp-content/uploads/2026/07/linganshi-af9d75b78a85.webp,uploaded-t17-catalog-media
linganshi-cf003a9984a2,藏银花隔珠,C:\Users\Dylan\Desktop\灵感石验室\藏银花隔珠.webp,linganshi-cf003a9984a2.webp,56556,https://goearthward.com/wp-content/uploads/2026/07/linganshi-cf003a9984a2.webp,uploaded-t17-catalog-media
linganshi-30af6b066227,藏银隔环,C:\Users\Dylan\Desktop\灵感石验室\藏银隔环.webp,linganshi-30af6b066227.webp,56557,https://goearthward.com/wp-content/uploads/2026/07/linganshi-30af6b066227.webp,uploaded-t17-catalog-media
linganshi-32e65197a8e6,藏银花隔环,C:\Users\Dylan\Desktop\灵感石验室\藏银花隔环.webp,linganshi-32e65197a8e6.webp,56558,https://goearthward.com/wp-content/uploads/2026/07/linganshi-32e65197a8e6.webp,uploaded-t17-catalog-media
linganshi-b8dd99467a1f,藏银祥云隔珠,C:\Users\Dylan\Desktop\灵感石验室\藏银祥云隔珠.webp,linganshi-b8dd99467a1f.webp,56559,https://goearthward.com/wp-content/uploads/2026/07/linganshi-b8dd99467a1f.webp,uploaded-t17-catalog-media
linganshi-96e39be22577,藏银棱形隔珠,C:\Users\Dylan\Desktop\灵感石验室\藏银棱形隔珠.webp,linganshi-96e39be22577.webp,56560,https://goearthward.com/wp-content/uploads/2026/07/linganshi-96e39be22577.webp,uploaded-t17-catalog-media
linganshi-40364be3b326,藏银绣球花,C:\Users\Dylan\Desktop\灵感石验室\藏银绣球花.webp,linganshi-40364be3b326.webp,56561,https://goearthward.com/wp-content/uploads/2026/07/linganshi-40364be3b326.webp,uploaded-t17-catalog-media
linganshi-5130a7282c13,贝珠,C:\Users\Dylan\Desktop\灵感石验室\贝珠.webp,linganshi-5130a7282c13.webp,56562,https://goearthward.com/wp-content/uploads/2026/07/linganshi-5130a7282c13.webp,uploaded-t17-catalog-media
linganshi-a7db8d71e3a6,琥珀隔片,C:\Users\Dylan\Desktop\灵感石验室\琥珀隔片.webp,linganshi-a7db8d71e3a6.webp,56563,https://goearthward.com/wp-content/uploads/2026/07/linganshi-a7db8d71e3a6.webp,uploaded-t17-catalog-media
linganshi-f9b34787e3cf,藏银环隔片,C:\Users\Dylan\Desktop\灵感石验室\藏银环隔片.webp,linganshi-f9b34787e3cf.webp,56564,https://goearthward.com/wp-content/uploads/2026/07/linganshi-f9b34787e3cf.webp,uploaded-t17-catalog-media
linganshi-943050df5029,藏银环隔珠,C:\Users\Dylan\Desktop\灵感石验室\藏银环隔珠.webp,linganshi-943050df5029.webp,56565,https://goearthward.com/wp-content/uploads/2026/07/linganshi-943050df5029.webp,uploaded-t17-catalog-media
linganshi-a6ca0c312aa9,藏银多环隔珠,C:\Users\Dylan\Desktop\灵感石验室\藏银多环隔珠.webp,linganshi-a6ca0c312aa9.webp,56677,https://goearthward.com/wp-content/uploads/2026/07/linganshi-a6ca0c312aa9.webp,uploaded-t17-catalog-media
linganshi-0e1e2b54ba0d,藏银弧形隔珠,C:\Users\Dylan\Desktop\灵感石验室\藏银弧形隔珠.webp,linganshi-0e1e2b54ba0d.webp,56678,https://goearthward.com/wp-content/uploads/2026/07/linganshi-0e1e2b54ba0d.webp,uploaded-t17-catalog-media
linganshi-0074596a581b,藏银隔环戒,C:\Users\Dylan\Desktop\灵感石验室\藏银隔环戒.webp,linganshi-0074596a581b.webp,56679,https://goearthward.com/wp-content/uploads/2026/07/linganshi-0074596a581b.webp,uploaded-t17-catalog-media
linganshi-dfe39070354f,古银方隔环,C:\Users\Dylan\Desktop\灵感石验室\古银方隔环.webp,linganshi-dfe39070354f.webp,56680,https://goearthward.com/wp-content/uploads/2026/07/linganshi-dfe39070354f.webp,uploaded-t17-catalog-media
linganshi-c39ab30e6111,檀木隔片厚,C:\Users\Dylan\Desktop\灵感石验室\檀木隔片厚.webp,linganshi-c39ab30e6111.webp,56566,https://goearthward.com/wp-content/uploads/2026/07/linganshi-c39ab30e6111.webp,uploaded-t17-catalog-media
linganshi-72023ba74738,大锆石魔盒,C:\Users\Dylan\Desktop\灵感石验室\大锆石魔盒.webp,linganshi-72023ba74738.webp,56567,https://goearthward.com/wp-content/uploads/2026/07/linganshi-72023ba74738.webp,uploaded-t17-catalog-media
linganshi-b986fd86f2b3,白锆魔盒,C:\Users\Dylan\Desktop\灵感石验室\白锆魔盒.webp,linganshi-b986fd86f2b3.webp,56568,https://goearthward.com/wp-content/uploads/2026/07/linganshi-b986fd86f2b3.webp,uploaded-t17-catalog-media
linganshi-4d6d856009e1,花型魔盒金,C:\Users\Dylan\Desktop\灵感石验室\花型魔盒金.webp,linganshi-4d6d856009e1.webp,56569,https://goearthward.com/wp-content/uploads/2026/07/linganshi-4d6d856009e1.webp,uploaded-t17-catalog-media
linganshi-3704d6371aff,花型魔盒银,C:\Users\Dylan\Desktop\灵感石验室\花型魔盒银.webp,linganshi-3704d6371aff.webp,56570,https://goearthward.com/wp-content/uploads/2026/07/linganshi-3704d6371aff.webp,uploaded-t17-catalog-media
linganshi-7fa486168d6c,雪花魔盒,C:\Users\Dylan\Desktop\灵感石验室\雪花魔盒.webp,linganshi-7fa486168d6c.webp,56571,https://goearthward.com/wp-content/uploads/2026/07/linganshi-7fa486168d6c.webp,uploaded-t17-catalog-media
linganshi-3793e26c9b16,椭圆锆石魔盒金,C:\Users\Dylan\Desktop\灵感石验室\椭圆锆石魔盒金.webp,linganshi-3793e26c9b16.webp,56572,https://goearthward.com/wp-content/uploads/2026/07/linganshi-3793e26c9b16.webp,uploaded-t17-catalog-media
linganshi-32c467f2b5a4,椭圆锆石魔盒银,C:\Users\Dylan\Desktop\灵感石验室\椭圆锆石魔盒银.webp,linganshi-32c467f2b5a4.webp,56573,https://goearthward.com/wp-content/uploads/2026/07/linganshi-32c467f2b5a4.webp,uploaded-t17-catalog-media
linganshi-eb33dd592fbf,四叶草,C:\Users\Dylan\Desktop\灵感石验室\四叶草.webp,linganshi-eb33dd592fbf.webp,56574,https://goearthward.com/wp-content/uploads/2026/07/linganshi-eb33dd592fbf.webp,uploaded-t17-catalog-media
linganshi-f92df840c3f8,千层花金,C:\Users\Dylan\Desktop\灵感石验室\千层花金.webp,linganshi-f92df840c3f8.webp,56575,https://goearthward.com/wp-content/uploads/2026/07/linganshi-f92df840c3f8.webp,uploaded-t17-catalog-media
linganshi-16195ee3bb6b,千层花银,C:\Users\Dylan\Desktop\灵感石验室\千层花银.webp,linganshi-16195ee3bb6b.webp,56576,https://goearthward.com/wp-content/uploads/2026/07/linganshi-16195ee3bb6b.webp,uploaded-t17-catalog-media
linganshi-b834f9ba397d,葫芦魔盒奶黄,C:\Users\Dylan\Desktop\灵感石验室\葫芦魔盒奶黄.webp,linganshi-b834f9ba397d.webp,56577,https://goearthward.com/wp-content/uploads/2026/07/linganshi-b834f9ba397d.webp,uploaded-t17-catalog-media
linganshi-ff3225d176df,葫芦魔盒黄,C:\Users\Dylan\Desktop\灵感石验室\葫芦魔盒黄.webp,linganshi-ff3225d176df.webp,56578,https://goearthward.com/wp-content/uploads/2026/07/linganshi-ff3225d176df.webp,uploaded-t17-catalog-media
linganshi-166f75e69063,葫芦魔盒蓝,C:\Users\Dylan\Desktop\灵感石验室\葫芦魔盒蓝.webp,linganshi-166f75e69063.webp,56579,https://goearthward.com/wp-content/uploads/2026/07/linganshi-166f75e69063.webp,uploaded-t17-catalog-media
linganshi-fe68c148dfc7,粉水晶五角星,C:\Users\Dylan\Desktop\灵感石验室\粉水晶五角星.webp,linganshi-fe68c148dfc7.webp,56580,https://goearthward.com/wp-content/uploads/2026/07/linganshi-fe68c148dfc7.webp,uploaded-t17-catalog-media
linganshi-0ba384cca3f4,黄水晶五角星,C:\Users\Dylan\Desktop\灵感石验室\黄水晶五角星.webp,linganshi-0ba384cca3f4.webp,56581,https://goearthward.com/wp-content/uploads/2026/07/linganshi-0ba384cca3f4.webp,uploaded-t17-catalog-media
linganshi-7bc5a18f7abe,紫锆魔盒,C:\Users\Dylan\Desktop\灵感石验室\紫锆魔盒.webp,linganshi-7bc5a18f7abe.webp,56582,https://goearthward.com/wp-content/uploads/2026/07/linganshi-7bc5a18f7abe.webp,uploaded-t17-catalog-media
linganshi-26d2e6b21c85,花瓣锆石花托左,C:\Users\Dylan\Desktop\灵感石验室\花瓣锆石花托左.webp,linganshi-26d2e6b21c85.webp,56583,https://goearthward.com/wp-content/uploads/2026/07/linganshi-26d2e6b21c85.webp,uploaded-t17-catalog-media
linganshi-ebbfca5ecd1c,花瓣锆石花托右,C:\Users\Dylan\Desktop\灵感石验室\花瓣锆石花托右.webp,linganshi-ebbfca5ecd1c.webp,56681,https://goearthward.com/wp-content/uploads/2026/07/linganshi-ebbfca5ecd1c.webp,uploaded-t17-catalog-media
linganshi-65cd7dba308a,锆石花托左,C:\Users\Dylan\Desktop\灵感石验室\锆石花托左.webp,linganshi-65cd7dba308a.webp,56584,https://goearthward.com/wp-content/uploads/2026/07/linganshi-65cd7dba308a.webp,uploaded-t17-catalog-media
linganshi-a351d6c959bb,锆石花托右,C:\Users\Dylan\Desktop\灵感石验室\锆石花托右.webp,linganshi-a351d6c959bb.webp,56585,https://goearthward.com/wp-content/uploads/2026/07/linganshi-a351d6c959bb.webp,uploaded-t17-catalog-media
linganshi-c1b23ce44e89,多角花托金右,C:\Users\Dylan\Desktop\灵感石验室\多角花托金右.webp,linganshi-c1b23ce44e89.webp,56586,https://goearthward.com/wp-content/uploads/2026/07/linganshi-c1b23ce44e89.webp,uploaded-t17-catalog-media
linganshi-cb09d7871fff,多角花托金左,C:\Users\Dylan\Desktop\灵感石验室\多角花托金左.webp,linganshi-cb09d7871fff.webp,56587,https://goearthward.com/wp-content/uploads/2026/07/linganshi-cb09d7871fff.webp,uploaded-t17-catalog-media
linganshi-a9a49d63aed3,多角花托银右,C:\Users\Dylan\Desktop\灵感石验室\多角花托银右.webp,linganshi-a9a49d63aed3.webp,56588,https://goearthward.com/wp-content/uploads/2026/07/linganshi-a9a49d63aed3.webp,uploaded-t17-catalog-media
linganshi-4de2d968c91b,多角花托银左,C:\Users\Dylan\Desktop\灵感石验室\多角花托银左.webp,linganshi-4de2d968c91b.webp,56589,https://goearthward.com/wp-content/uploads/2026/07/linganshi-4de2d968c91b.webp,uploaded-t17-catalog-media
linganshi-484181eb1d7b,梅花花托右,C:\Users\Dylan\Desktop\灵感石验室\梅花花托右.webp,linganshi-484181eb1d7b.webp,56590,https://goearthward.com/wp-content/uploads/2026/07/linganshi-484181eb1d7b.webp,uploaded-t17-catalog-media
linganshi-c1c92a412439,梅花花托左,C:\Users\Dylan\Desktop\灵感石验室\梅花花托左.webp,linganshi-c1c92a412439.webp,56591,https://goearthward.com/wp-content/uploads/2026/07/linganshi-c1c92a412439.webp,uploaded-t17-catalog-media
linganshi-9669b67a4758,小金花花托右,C:\Users\Dylan\Desktop\灵感石验室\小金花花托右.webp,linganshi-9669b67a4758.webp,56682,https://goearthward.com/wp-content/uploads/2026/07/linganshi-9669b67a4758.webp,uploaded-t17-catalog-media
linganshi-bcd324daff7a,小金花花托左,C:\Users\Dylan\Desktop\灵感石验室\小金花花托左.webp,linganshi-bcd324daff7a.webp,56683,https://goearthward.com/wp-content/uploads/2026/07/linganshi-bcd324daff7a.webp,uploaded-t17-catalog-media
linganshi-98144af43011,小银花花托右,C:\Users\Dylan\Desktop\灵感石验室\小银花花托右.webp,linganshi-98144af43011.webp,56684,https://goearthward.com/wp-content/uploads/2026/07/linganshi-98144af43011.webp,uploaded-t17-catalog-media
linganshi-4db81c67c48f,小银花花托左,C:\Users\Dylan\Desktop\灵感石验室\小银花花托左.webp,linganshi-4db81c67c48f.webp,56685,https://goearthward.com/wp-content/uploads/2026/07/linganshi-4db81c67c48f.webp,uploaded-t17-catalog-media
linganshi-a9e15365ef4b,紫水晶跑环,C:\Users\Dylan\Desktop\灵感石验室\紫水晶跑环.webp,linganshi-a9e15365ef4b.webp,56592,https://goearthward.com/wp-content/uploads/2026/07/linganshi-a9e15365ef4b.webp,uploaded-t17-catalog-media
linganshi-baffad9cc171,透明白跑环,C:\Users\Dylan\Desktop\灵感石验室\透明白跑环.webp,linganshi-baffad9cc171.webp,56593,https://goearthward.com/wp-content/uploads/2026/07/linganshi-baffad9cc171.webp,uploaded-t17-catalog-media
linganshi-04df8cfa883e,黑曜石跑环,C:\Users\Dylan\Desktop\灵感石验室\黑曜石跑环.webp,linganshi-04df8cfa883e.webp,56594,https://goearthward.com/wp-content/uploads/2026/07/linganshi-04df8cfa883e.webp,uploaded-t17-catalog-media
linganshi-d8bca64e63e4,檀木跑环,C:\Users\Dylan\Desktop\灵感石验室\檀木跑环.webp,linganshi-d8bca64e63e4.webp,56595,https://goearthward.com/wp-content/uploads/2026/07/linganshi-d8bca64e63e4.webp,uploaded-t17-catalog-media
linganshi-60430dede3a6,冰耀石跑环,C:\Users\Dylan\Desktop\灵感石验室\冰曜石跑环.webp,linganshi-60430dede3a6.webp,56670,https://goearthward.com/wp-content/uploads/2026/07/linganshi-60430dede3a6.webp,uploaded-t17-catalog-media
linganshi-40308df2caa2,贝珠跑环,C:\Users\Dylan\Desktop\灵感石验室\贝珠跑环.webp,linganshi-40308df2caa2.webp,56596,https://goearthward.com/wp-content/uploads/2026/07/linganshi-40308df2caa2.webp,uploaded-t17-catalog-media
linganshi-7906a35279f0,海蓝宝跑环,C:\Users\Dylan\Desktop\灵感石验室\海蓝宝跑环.webp,linganshi-7906a35279f0.webp,56597,https://goearthward.com/wp-content/uploads/2026/07/linganshi-7906a35279f0.webp,uploaded-t17-catalog-media
linganshi-3a4a7385dcf2,灰月光跑环,C:\Users\Dylan\Desktop\灵感石验室\灰月光跑环.webp,linganshi-3a4a7385dcf2.webp,56598,https://goearthward.com/wp-content/uploads/2026/07/linganshi-3a4a7385dcf2.webp,uploaded-t17-catalog-media
linganshi-4a3cfd29ac51,绿纹石跑环,C:\Users\Dylan\Desktop\灵感石验室\绿纹石跑环.webp,linganshi-4a3cfd29ac51.webp,56688,https://goearthward.com/wp-content/uploads/2026/07/linganshi-4a3cfd29ac51.webp,uploaded-t17-catalog-media
linganshi-c2a426e18b03,红玛瑙跑环,C:\Users\Dylan\Desktop\灵感石验室\红玛瑙跑环.webp,linganshi-c2a426e18b03.webp,56599,https://goearthward.com/wp-content/uploads/2026/07/linganshi-c2a426e18b03.webp,uploaded-t17-catalog-media
linganshi-df343b56b763,草莓晶跑环,C:\Users\Dylan\Desktop\灵感石验室\草莓晶跑环.webp,linganshi-df343b56b763.webp,56600,https://goearthward.com/wp-content/uploads/2026/07/linganshi-df343b56b763.webp,uploaded-t17-catalog-media
linganshi-3ec23d18ef4c,蓝月光跑环,C:\Users\Dylan\Desktop\灵感石验室\蓝月光跑环.webp,linganshi-3ec23d18ef4c.webp,56601,https://goearthward.com/wp-content/uploads/2026/07/linganshi-3ec23d18ef4c.webp,uploaded-t17-catalog-media
linganshi-14b6b0eac9f5,银曜石跑环,C:\Users\Dylan\Desktop\灵感石验室\银曜石跑环.webp,linganshi-14b6b0eac9f5.webp,56602,https://goearthward.com/wp-content/uploads/2026/07/linganshi-14b6b0eac9f5.webp,uploaded-t17-catalog-media
linganshi-678d44619b0b,高品黄塔晶随型,C:\Users\Dylan\Desktop\灵感石验室\高品黄塔晶随型.webp,linganshi-678d44619b0b.webp,56603,https://goearthward.com/wp-content/uploads/2026/07/linganshi-678d44619b0b.webp,uploaded-t17-catalog-media
linganshi-5c3730065798,白水晶方糖切面,C:\Users\Dylan\Desktop\灵感石验室\白水晶方糖切面.webp,linganshi-5c3730065798.webp,56604,https://goearthward.com/wp-content/uploads/2026/07/linganshi-5c3730065798.webp,uploaded-t17-catalog-media
linganshi-d1c4174f2195,粉水晶随型,C:\Users\Dylan\Desktop\灵感石验室\粉水晶随型.webp,linganshi-d1c4174f2195.webp,56605,https://goearthward.com/wp-content/uploads/2026/07/linganshi-d1c4174f2195.webp,uploaded-t17-catalog-media
linganshi-db9942389884,柠檬晶菠萝珠,C:\Users\Dylan\Desktop\灵感石验室\柠檬晶菠萝珠.webp,linganshi-db9942389884.webp,56606,https://goearthward.com/wp-content/uploads/2026/07/linganshi-db9942389884.webp,uploaded-t17-catalog-media
linganshi-2613710cf420,蜜蜡桶珠,C:\Users\Dylan\Desktop\灵感石验室\蜜蜡桶珠.webp,linganshi-2613710cf420.webp,56607,https://goearthward.com/wp-content/uploads/2026/07/linganshi-2613710cf420.webp,uploaded-t17-catalog-media
linganshi-fbfc4f1a6508,白水晶桶珠,C:\Users\Dylan\Desktop\灵感石验室\白水晶桶珠.webp,linganshi-fbfc4f1a6508.webp,56608,https://goearthward.com/wp-content/uploads/2026/07/linganshi-fbfc4f1a6508.webp,uploaded-t17-catalog-media
linganshi-3fb8c72fb48c,银曜石平安扣,C:\Users\Dylan\Desktop\灵感石验室\银曜石平安扣.webp,linganshi-3fb8c72fb48c.webp,56609,https://goearthward.com/wp-content/uploads/2026/07/linganshi-3fb8c72fb48c.webp,uploaded-t17-catalog-media
linganshi-06f955349c9e,粉水晶平安扣,C:\Users\Dylan\Desktop\灵感石验室\粉水晶平安扣.webp,linganshi-06f955349c9e.webp,56610,https://goearthward.com/wp-content/uploads/2026/07/linganshi-06f955349c9e.webp,uploaded-t17-catalog-media
linganshi-6a1c5a4bf9ec,白水晶平安扣,C:\Users\Dylan\Desktop\灵感石验室\白水晶平安扣.webp,linganshi-6a1c5a4bf9ec.webp,56611,https://goearthward.com/wp-content/uploads/2026/07/linganshi-6a1c5a4bf9ec.webp,uploaded-t17-catalog-media
linganshi-3740353a5906,琥珀隔珠,C:\Users\Dylan\Desktop\灵感石验室\琥珀隔珠.webp,linganshi-3740353a5906.webp,56612,https://goearthward.com/wp-content/uploads/2026/07/linganshi-3740353a5906.webp,uploaded-t17-catalog-media
linganshi-880425d40b03,白水晶切面隔珠,C:\Users\Dylan\Desktop\灵感石验室\白水晶切面隔珠.webp,linganshi-880425d40b03.webp,56613,https://goearthward.com/wp-content/uploads/2026/07/linganshi-880425d40b03.webp,uploaded-t17-catalog-media
linganshi-65fe8b72702f,茶晶切面隔珠,C:\Users\Dylan\Desktop\灵感石验室\茶晶切面隔珠.webp,linganshi-65fe8b72702f.webp,56614,https://goearthward.com/wp-content/uploads/2026/07/linganshi-65fe8b72702f.webp,uploaded-t17-catalog-media
linganshi-95d385b0f142,黄水晶切面隔珠,C:\Users\Dylan\Desktop\灵感石验室\黄水晶切面隔珠.webp,linganshi-95d385b0f142.webp,56615,https://goearthward.com/wp-content/uploads/2026/07/linganshi-95d385b0f142.webp,uploaded-t17-catalog-media
linganshi-ce9a8532eada,黄虎眼隔珠,C:\Users\Dylan\Desktop\灵感石验室\黄虎眼隔珠.webp,linganshi-ce9a8532eada.webp,56616,https://goearthward.com/wp-content/uploads/2026/07/linganshi-ce9a8532eada.webp,uploaded-t17-catalog-media
linganshi-034b0332ff51,青提奶盖平安扣,C:\Users\Dylan\Desktop\灵感石验室\青提奶盖平安扣.webp,linganshi-034b0332ff51.webp,56617,https://goearthward.com/wp-content/uploads/2026/07/linganshi-034b0332ff51.webp,uploaded-t17-catalog-media
linganshi-1aa5f9860e1a,黄塔晶随型小,C:\Users\Dylan\Desktop\灵感石验室\黄塔晶随型小.webp,linganshi-1aa5f9860e1a.webp,56618,https://goearthward.com/wp-content/uploads/2026/07/linganshi-1aa5f9860e1a.webp,uploaded-t17-catalog-media
linganshi-428b2f335d6c,黄塔晶随型大,C:\Users\Dylan\Desktop\灵感石验室\黄塔晶随型 大.webp,linganshi-428b2f335d6c.webp,56671,https://goearthward.com/wp-content/uploads/2026/07/linganshi-428b2f335d6c.webp,uploaded-t17-catalog-media
linganshi-1065609500ab,薰衣草随型,C:\Users\Dylan\Desktop\灵感石验室\薰衣草随型.webp,linganshi-1065609500ab.webp,56619,https://goearthward.com/wp-content/uploads/2026/07/linganshi-1065609500ab.webp,uploaded-t17-catalog-media
linganshi-86bdc6bbc319,紫水晶随型,C:\Users\Dylan\Desktop\灵感石验室\紫水晶随型.webp,linganshi-86bdc6bbc319.webp,56620,https://goearthward.com/wp-content/uploads/2026/07/linganshi-86bdc6bbc319.webp,uploaded-t17-catalog-media
linganshi-a31e0072cf48,白水晶随型,C:\Users\Dylan\Desktop\灵感石验室\白水晶随型.webp,linganshi-a31e0072cf48.webp,56621,https://goearthward.com/wp-content/uploads/2026/07/linganshi-a31e0072cf48.webp,uploaded-t17-catalog-media
linganshi-fc9e19062a1b,薰衣草方糖,C:\Users\Dylan\Desktop\灵感石验室\薰衣草方糖.webp,linganshi-fc9e19062a1b.webp,56622,https://goearthward.com/wp-content/uploads/2026/07/linganshi-fc9e19062a1b.webp,uploaded-t17-catalog-media
linganshi-357d40783341,绿幽灵方糖,C:\Users\Dylan\Desktop\灵感石验室\绿幽灵方糖.webp,linganshi-357d40783341.webp,56623,https://goearthward.com/wp-content/uploads/2026/07/linganshi-357d40783341.webp,uploaded-t17-catalog-media
linganshi-00d01dbc4189,柠檬晶方糖,C:\Users\Dylan\Desktop\灵感石验室\柠檬晶方糖.webp,linganshi-00d01dbc4189.webp,56624,https://goearthward.com/wp-content/uploads/2026/07/linganshi-00d01dbc4189.webp,uploaded-t17-catalog-media
linganshi-550c73db47a7,黄胶花方糖,C:\Users\Dylan\Desktop\灵感石验室\黄胶花方糖.webp,linganshi-550c73db47a7.webp,56625,https://goearthward.com/wp-content/uploads/2026/07/linganshi-550c73db47a7.webp,uploaded-t17-catalog-media
linganshi-66733c11e322,黑发晶方糖,C:\Users\Dylan\Desktop\灵感石验室\黑发晶方糖.webp,linganshi-66733c11e322.webp,56626,https://goearthward.com/wp-content/uploads/2026/07/linganshi-66733c11e322.webp,uploaded-t17-catalog-media
linganshi-c4bd386edeb4,银曜石方糖,C:\Users\Dylan\Desktop\灵感石验室\银曜石方糖.webp,linganshi-c4bd386edeb4.webp,56627,https://goearthward.com/wp-content/uploads/2026/07/linganshi-c4bd386edeb4.webp,uploaded-t17-catalog-media
linganshi-85ffe04aa3ac,茶晶方糖,C:\Users\Dylan\Desktop\灵感石验室\茶晶方糖.webp,linganshi-85ffe04aa3ac.webp,56628,https://goearthward.com/wp-content/uploads/2026/07/linganshi-85ffe04aa3ac.webp,uploaded-t17-catalog-media
linganshi-78735d72c694,白水晶方糖,C:\Users\Dylan\Desktop\灵感石验室\白水晶方糖.webp,linganshi-78735d72c694.webp,56629,https://goearthward.com/wp-content/uploads/2026/07/linganshi-78735d72c694.webp,uploaded-t17-catalog-media
linganshi-264b4f29f093,白水晶长方糖,C:\Users\Dylan\Desktop\灵感石验室\白水晶长方.webp,linganshi-264b4f29f093.webp,56672,https://goearthward.com/wp-content/uploads/2026/07/linganshi-264b4f29f093.webp,uploaded-t17-catalog-media
linganshi-c497a02f7f27,奶体白方糖,C:\Users\Dylan\Desktop\灵感石验室\奶体白方糖.webp,linganshi-c497a02f7f27.webp,56630,https://goearthward.com/wp-content/uploads/2026/07/linganshi-c497a02f7f27.webp,uploaded-t17-catalog-media
linganshi-7b942b8d48f4,白水晶方糖对角,C:\Users\Dylan\Desktop\灵感石验室\白水晶方糖对角.webp,linganshi-7b942b8d48f4.webp,56631,https://goearthward.com/wp-content/uploads/2026/07/linganshi-7b942b8d48f4.webp,uploaded-t17-catalog-media
linganshi-6ac7e3c12794,紫水晶双尖,C:\Users\Dylan\Desktop\灵感石验室\紫水晶双尖.webp,linganshi-6ac7e3c12794.webp,56632,https://goearthward.com/wp-content/uploads/2026/07/linganshi-6ac7e3c12794.webp,uploaded-t17-catalog-media
linganshi-35697d9b06ea,粉水晶双尖,C:\Users\Dylan\Desktop\灵感石验室\粉水晶双尖.webp,linganshi-35697d9b06ea.webp,56633,https://goearthward.com/wp-content/uploads/2026/07/linganshi-35697d9b06ea.webp,uploaded-t17-catalog-media
linganshi-de23241ba528,黄水晶双尖,C:\Users\Dylan\Desktop\灵感石验室\黄水晶双尖.webp,linganshi-de23241ba528.webp,56634,https://goearthward.com/wp-content/uploads/2026/07/linganshi-de23241ba528.webp,uploaded-t17-catalog-media
linganshi-48d3953b5778,奶体白双尖,C:\Users\Dylan\Desktop\灵感石验室\奶体白双尖.webp,linganshi-48d3953b5778.webp,56635,https://goearthward.com/wp-content/uploads/2026/07/linganshi-48d3953b5778.webp,uploaded-t17-catalog-media
linganshi-61a5d457b117,银曜石双尖,C:\Users\Dylan\Desktop\灵感石验室\银曜石双尖.webp,linganshi-61a5d457b117.webp,56636,https://goearthward.com/wp-content/uploads/2026/07/linganshi-61a5d457b117.webp,uploaded-t17-catalog-media
linganshi-c498bad20db6,黄塔晶双尖,C:\Users\Dylan\Desktop\灵感石验室\黄塔晶双尖.webp,linganshi-c498bad20db6.webp,56637,https://goearthward.com/wp-content/uploads/2026/07/linganshi-c498bad20db6.webp,uploaded-t17-catalog-media
linganshi-28431f73787b,白水晶双尖,C:\Users\Dylan\Desktop\灵感石验室\白水晶双尖.webp,linganshi-28431f73787b.webp,56638,https://goearthward.com/wp-content/uploads/2026/07/linganshi-28431f73787b.webp,uploaded-t17-catalog-media
linganshi-bfd0a844ebed,红胶花双尖,C:\Users\Dylan\Desktop\灵感石验室\红胶花双尖.webp,linganshi-bfd0a844ebed.webp,56639,https://goearthward.com/wp-content/uploads/2026/07/linganshi-bfd0a844ebed.webp,uploaded-t17-catalog-media
linganshi-1b5891579467,深色红胶花,C:\Users\Dylan\Desktop\灵感石验室\深色红胶花.webp,linganshi-1b5891579467.webp,56640,https://goearthward.com/wp-content/uploads/2026/07/linganshi-1b5891579467.webp,uploaded-t17-catalog-media
linganshi-61bb2e4e0022,茶晶双尖,C:\Users\Dylan\Desktop\灵感石验室\茶晶双尖.webp,linganshi-61bb2e4e0022.webp,56641,https://goearthward.com/wp-content/uploads/2026/07/linganshi-61bb2e4e0022.webp,uploaded-t17-catalog-media
linganshi-dfaf7b0c5a63,白水晶蝴蝶,C:\Users\Dylan\Desktop\灵感石验室\白水晶蝴蝶.webp,linganshi-dfaf7b0c5a63.webp,56642,https://goearthward.com/wp-content/uploads/2026/07/linganshi-dfaf7b0c5a63.webp,uploaded-t17-catalog-media
linganshi-5c1caef26e2f,青金石五星,C:\Users\Dylan\Desktop\灵感石验室\青金石五星.webp,linganshi-5c1caef26e2f.webp,56643,https://goearthward.com/wp-content/uploads/2026/07/linganshi-5c1caef26e2f.webp,uploaded-t17-catalog-media
linganshi-5904bfe42bd2,柠檬晶小花,C:\Users\Dylan\Desktop\灵感石验室\柠檬晶小花.webp,linganshi-5904bfe42bd2.webp,56644,https://goearthward.com/wp-content/uploads/2026/07/linganshi-5904bfe42bd2.webp,uploaded-t17-catalog-media
linganshi-fe11e47992ce,海蓝宝月亮,C:\Users\Dylan\Desktop\灵感石验室\海蓝宝月亮.webp,linganshi-fe11e47992ce.webp,56645,https://goearthward.com/wp-content/uploads/2026/07/linganshi-fe11e47992ce.webp,uploaded-t17-catalog-media
linganshi-b2933f3911b1,银曜石貔貅,C:\Users\Dylan\Desktop\灵感石验室\银曜石貔貅.webp,linganshi-b2933f3911b1.webp,56646,https://goearthward.com/wp-content/uploads/2026/07/linganshi-b2933f3911b1.webp,uploaded-t17-catalog-media
linganshi-2f2baa50f968,黑金超貔貅,C:\Users\Dylan\Desktop\灵感石验室\黑金超貔貅.webp,linganshi-2f2baa50f968.webp,56647,https://goearthward.com/wp-content/uploads/2026/07/linganshi-2f2baa50f968.webp,uploaded-t17-catalog-media
linganshi-90c77f61794b,海蓝宝四叶草,C:\Users\Dylan\Desktop\灵感石验室\海蓝宝四叶草.webp,linganshi-90c77f61794b.webp,56648,https://goearthward.com/wp-content/uploads/2026/07/linganshi-90c77f61794b.webp,uploaded-t17-catalog-media
linganshi-11651b7030b2,草莓晶爱心,C:\Users\Dylan\Desktop\灵感石验室\草莓晶爱心.webp,linganshi-11651b7030b2.webp,56649,https://goearthward.com/wp-content/uploads/2026/07/linganshi-11651b7030b2.webp,uploaded-t17-catalog-media
linganshi-2a4c44cf5342,海蓝宝爱心,C:\Users\Dylan\Desktop\灵感石验室\海蓝宝爱心.webp,linganshi-2a4c44cf5342.webp,56650,https://goearthward.com/wp-content/uploads/2026/07/linganshi-2a4c44cf5342.webp,uploaded-t17-catalog-media
linganshi-62645b1dd259,白水晶胖星星,C:\Users\Dylan\Desktop\灵感石验室\白水晶胖星星.webp,linganshi-62645b1dd259.webp,56651,https://goearthward.com/wp-content/uploads/2026/07/linganshi-62645b1dd259.webp,uploaded-t17-catalog-media
linganshi-aed65521b2be,白水晶爱心,C:\Users\Dylan\Desktop\灵感石验室\白水晶爱心.webp,linganshi-aed65521b2be.webp,56652,https://goearthward.com/wp-content/uploads/2026/07/linganshi-aed65521b2be.webp,uploaded-t17-catalog-media
linganshi-59c843dec802,粉水晶爱心,C:\Users\Dylan\Desktop\灵感石验室\粉水晶爱心.webp,linganshi-59c843dec802.webp,56653,https://goearthward.com/wp-content/uploads/2026/07/linganshi-59c843dec802.webp,uploaded-t17-catalog-media
linganshi-1d1a79b7322f,银曜石月球,C:\Users\Dylan\Desktop\灵感石验室\银曜石月球.webp,linganshi-1d1a79b7322f.webp,56654,https://goearthward.com/wp-content/uploads/2026/07/linganshi-1d1a79b7322f.webp,uploaded-t17-catalog-media
linganshi-6b309ef668a2,银曜石醒狮,C:\Users\Dylan\Desktop\灵感石验室\银曜石醒狮.webp,linganshi-6b309ef668a2.webp,56655,https://goearthward.com/wp-content/uploads/2026/07/linganshi-6b309ef668a2.webp,uploaded-t17-catalog-media
linganshi-75c2dce81935,银曜石猫爪,C:\Users\Dylan\Desktop\灵感石验室\银曜石猫爪.webp,linganshi-75c2dce81935.webp,56656,https://goearthward.com/wp-content/uploads/2026/07/linganshi-75c2dce81935.webp,uploaded-t17-catalog-media
linganshi-6418130ce28c,银曜石胖星星,C:\Users\Dylan\Desktop\灵感石验室\银曜石胖星星.webp,linganshi-6418130ce28c.webp,56657,https://goearthward.com/wp-content/uploads/2026/07/linganshi-6418130ce28c.webp,uploaded-t17-catalog-media
linganshi-7df96b54c91e,黑曜石爱心,C:\Users\Dylan\Desktop\灵感石验室\黑曜石爱心.webp,linganshi-7df96b54c91e.webp,56658,https://goearthward.com/wp-content/uploads/2026/07/linganshi-7df96b54c91e.webp,uploaded-t17-catalog-media
linganshi-c9fe24b58c6a,茶晶蝴蝶结,C:\Users\Dylan\Desktop\灵感石验室\茶晶蝴蝶结.webp,linganshi-c9fe24b58c6a.webp,56659,https://goearthward.com/wp-content/uploads/2026/07/linganshi-c9fe24b58c6a.webp,uploaded-t17-catalog-media
linganshi-1c27f0ad8d08,粉晶小花,C:\Users\Dylan\Desktop\灵感石验室\粉晶小花.webp,linganshi-1c27f0ad8d08.webp,56660,https://goearthward.com/wp-content/uploads/2026/07/linganshi-1c27f0ad8d08.webp,uploaded-t17-catalog-media
linganshi-d4e7f709613a,白水晶花托,C:\Users\Dylan\Desktop\灵感石验室\白水晶花托.webp,linganshi-d4e7f709613a.webp,56661,https://goearthward.com/wp-content/uploads/2026/07/linganshi-d4e7f709613a.webp,uploaded-t17-catalog-media
linganshi-cb6644f2ade6,白水晶小熊,C:\Users\Dylan\Desktop\灵感石验室\白水晶小熊.webp,linganshi-cb6644f2ade6.webp,56662,https://goearthward.com/wp-content/uploads/2026/07/linganshi-cb6644f2ade6.webp,uploaded-t17-catalog-media
linganshi-fd600620027e,白水晶切面珠,C:\Users\Dylan\Desktop\灵感石验室\白水晶切面珠.webp,linganshi-fd600620027e.webp,56663,https://goearthward.com/wp-content/uploads/2026/07/linganshi-fd600620027e.webp,uploaded-t17-catalog-media
linganshi-537e629fd247,黄水晶切面珠,C:\Users\Dylan\Desktop\灵感石验室\黄水晶切面珠.webp,linganshi-537e629fd247.webp,56664,https://goearthward.com/wp-content/uploads/2026/07/linganshi-537e629fd247.webp,uploaded-t17-catalog-media
linganshi-b853c93c95d3,黄水晶弧形切面珠,C:\Users\Dylan\Desktop\灵感石验室\黄水晶弧形切面珠.webp,linganshi-b853c93c95d3.webp,56665,https://goearthward.com/wp-content/uploads/2026/07/linganshi-b853c93c95d3.webp,uploaded-t17-catalog-media
linganshi-bbf05b11559a,白水晶钻切,C:\Users\Dylan\Desktop\灵感石验室\白水晶钻切.webp,linganshi-bbf05b11559a.webp,56666,https://goearthward.com/wp-content/uploads/2026/07/linganshi-bbf05b11559a.webp,uploaded-t17-catalog-media
linganshi-4223d58035ae,白水晶椭圆切面珠,C:\Users\Dylan\Desktop\灵感石验室\白水晶椭圆切面.webp,linganshi-4223d58035ae.webp,56673,https://goearthward.com/wp-content/uploads/2026/07/linganshi-4223d58035ae.webp,uploaded-t17-catalog-media
linganshi-d4079378f5ef,白水晶圆柱切面珠,C:\Users\Dylan\Desktop\灵感石验室\白水晶圆柱切面.webp,linganshi-d4079378f5ef.webp,56674,https://goearthward.com/wp-content/uploads/2026/07/linganshi-d4079378f5ef.webp,uploaded-t17-catalog-media
linganshi-00fc2c8960fd,茶晶切面珠,C:\Users\Dylan\Desktop\灵感石验室\茶晶切面珠.webp,linganshi-00fc2c8960fd.webp,56667,https://goearthward.com/wp-content/uploads/2026/07/linganshi-00fc2c8960fd.webp,uploaded-t17-catalog-media
linganshi-179fb4c12d9c,白水晶弧形切面珠,C:\Users\Dylan\Desktop\灵感石验室\白水晶弧形切面珠.webp,linganshi-179fb4c12d9c.webp,56668,https://goearthward.com/wp-content/uploads/2026/07/linganshi-179fb4c12d9c.webp,uploaded-t17-catalog-media
